,precision,recall,f1-score,support
food,0.9384615384615385,0.976,0.9568627450980393,125.0
price,0.974025974025974,0.9615384615384616,0.967741935483871,78.0
service,0.9361702127659575,0.9166666666666666,0.9263157894736842,48.0
ambiance,0.972972972972973,0.8181818181818182,0.8888888888888888,44.0
miscellaneous,0.11627906976744186,0.38461538461538464,0.17857142857142858,13.0
micro avg,0.844311377245509,0.9155844155844156,0.8785046728971962,308.0
macro avg,0.7875819535987769,0.8114004662004662,0.7836761575031824,308.0
weighted avg,0.9173387247151682,0.9155844155844156,0.9122967911762121,308.0
samples avg,0.865625,0.9197916666666666,0.8789583333333333,308.0
